,Process Step,Client Count,Conversion Rate
0,start,26679,0.700438547171933
1,step_1,24267,0.700438547171933
2,step_2,22258,0.700438547171933
3,step_3,20881,0.700438547171933
4,confirm,18687,0.700438547171933
