,Process Step,Client Count,Conversion Rate
0,confirm,15434,0.6596572210112408
1,start,23397,0.6596572210112408
2,step_1,20152,0.6596572210112408
3,step_2,18650,0.6596572210112408
4,step_3,17422,0.6596572210112408
