,Paso,Total Transiciones,Total Errores,Porcentaje
0,start,75927,24387,32.119009048164685
1,step_1,52340,7680,14.673290026748184
2,step_2,48812,6270,12.845201999508319
3,step_3,25806,10522,40.773463535611874
4,confirm,20425,49,0.23990208078335373
