,Paso,Total Transiciones,Total Errores,Porcentaje
0,start,94020,27296,29.032120825356305
1,step_1,71253,16245,22.79904004041935
2,step_2,59306,10910,18.39611506424308
3,step_3,29858,11494,38.495545582423475
4,confirm,30369,63,0.2074483848661464
