,Process Step,Client Count,Drop Rate Total
0,confirm,18687,0.299561452828067
1,start,26679,0.299561452828067
2,step_1,24267,0.299561452828067
3,step_2,22258,0.299561452828067
4,step_3,20881,0.299561452828067
