,Process Step,Client Count,Drop Rate Total
0,confirm,15434,0.34034277898875925
1,start,23397,0.34034277898875925
2,step_1,20152,0.34034277898875925
3,step_2,18650,0.34034277898875925
4,step_3,17422,0.34034277898875925
